INSERT INTO movie (movieID, title, rating) values 
(1,'RRR',95),
(2,'Doctor Strange',95),
(3,'SpiderMan',91),
(4,'Fantastic Beasts',89);


INSERT INTO theatre (theatreID, name) values 
(1, 'PVR Cinemas'),
(2, 'AMB Cinemas'),
(3, 'Arjun Theatre'), 
(4, "Mallikurjuna Theatre"),
(5, "INOX Cinemas");


INSERT INTO theatre_seat (seatID, seatRow, seatCol, theatreID) VALUES
(1, 'A', 1, 1),
(2, 'A', 2, 1),
(3, 'A', 3, 1),
(4, 'A', 4, 1),
(5, 'A', 5, 1),
(6, 'A', 6, 1),
(7, 'A', 7, 1),
(8, 'A', 8, 1),
(9, 'A', 9, 1),
(10, 'A', 10, 1),
(11, 'A', 11, 1),
(12, 'A', 12, 1),
(13, 'B', 1, 1),
(14, 'B', 2, 1),
(15, 'B', 3, 1),
(16, 'B', 4, 1),
(17, 'B', 5, 1),
(18, 'B', 6, 1),
(19, 'B', 7, 1),
(20, 'B', 8, 1),
(21, 'B', 9, 1),
(22, 'B', 10, 1),
(23, 'B', 11, 1),
(24, 'B', 12, 1),
(25, 'C', 1, 1),
(26, 'C', 2, 1),
(27, 'C', 3, 1),
(28, 'C', 4, 1),
(29, 'C', 5, 1),
(30, 'C', 6, 1),
(31, 'C', 7, 1),
(32, 'C', 8, 1),
(33, 'C', 9, 1),
(34, 'C', 10, 1),
(35, 'C', 11, 1),
(36, 'C', 12, 1),
(37, 'D', 1, 1),
(38, 'D', 2, 1),
(39, 'D', 3, 1),
(40, 'D', 4, 1),
(41, 'D', 5, 1),
(42, 'D', 6, 1),
(43, 'D', 7, 1),
(44, 'D', 8, 1),
(45, 'D', 9, 1),
(46, 'D', 10, 1),
(47, 'D', 11, 1),
(48, 'D', 12, 1),
(49, 'E', 1, 1),
(50, 'E', 2, 1),
(51, 'E', 3, 1),
(52, 'E', 4, 1),
(53, 'E', 5, 1),
(54, 'E', 6, 1),
(55, 'E', 7, 1),
(56, 'E', 8, 1),
(57, 'E', 9, 1),
(58, 'E', 10, 1),
(59, 'E', 11, 1),
(60, 'E', 12, 1),
(61, 'F', 1, 1),
(62, 'F', 2, 1),
(63, 'F', 3, 1),
(64, 'F', 4, 1),
(65, 'F', 5, 1),
(66, 'F', 6, 1),
(67, 'F', 7, 1),
(68, 'F', 8, 1),
(69, 'F', 9, 1),
(70, 'F', 10, 1),
(71, 'F', 11, 1),
(72, 'F', 12, 1),
(73, 'G', 1, 1),
(74, 'G', 2, 1),
(75, 'G', 3, 1),
(76, 'G', 4, 1),
(77, 'G', 5, 1),
(78, 'G', 6, 1),
(79, 'G', 7, 1),
(80, 'G', 8, 1),
(81, 'G', 9, 1),
(82, 'G', 10, 1),
(83, 'G', 11, 1),
(84, 'G', 12, 1),
(85, 'H', 1, 1),
(86, 'H', 2, 1),
(87, 'H', 3, 1),
(88, 'H', 4, 1),
(89, 'H', 5, 1),
(90, 'H', 6, 1),
(91, 'H', 7, 1),
(92, 'H', 8, 1),
(93, 'H', 9, 1),
(94, 'H', 10, 1),
(95, 'H', 11, 1),
(96, 'H', 12, 1),
(97, 'I', 1, 1),
(98, 'I', 2, 1),
(99, 'I', 3, 1),
(100, 'I', 4, 1),
(101, 'I', 5, 1),
(102, 'I', 6, 1),
(103, 'I', 7, 1),
(104, 'I', 8, 1),
(105, 'I', 9, 1),
(106, 'I', 10, 1),
(107, 'I', 11, 1),
(108, 'I', 12, 1),
(109, 'J', 1, 1),
(110, 'J', 2, 1),
(111, 'J', 3, 1),
(112, 'J', 4, 1),
(113, 'J', 5, 1),
(114, 'J', 6, 1),
(115, 'J', 7, 1),
(116, 'J', 8, 1),
(117, 'J', 9, 1),
(118, 'J', 10, 1),
(119, 'J', 11, 1),
(120, 'J', 12, 1),
(121, 'A', 1, 2),
(122, 'A', 2, 2),
(123, 'A', 3, 2),
(124, 'A', 4, 2),
(125, 'A', 5, 2),
(126, 'A', 6, 2),
(127, 'A', 7, 2),
(128, 'A', 8, 2),
(129, 'A', 9, 2),
(130, 'A', 10, 2),
(131, 'A', 11, 2),
(132, 'A', 12, 2),
(133, 'B', 1, 2),
(134, 'B', 2, 2),
(135, 'B', 3, 2),
(136, 'B', 4, 2),
(137, 'B', 5, 2),
(138, 'B', 6, 2),
(139, 'B', 7, 2),
(140, 'B', 8, 2),
(141, 'B', 9, 2),
(142, 'B', 10, 2),
(143, 'B', 11, 2),
(144, 'B', 12, 2),
(145, 'C', 1, 2),
(146, 'C', 2, 2),
(147, 'C', 3, 2),
(148, 'C', 4, 2),
(149, 'C', 5, 2),
(150, 'C', 6, 2),
(151, 'C', 7, 2),
(152, 'C', 8, 2),
(153, 'C', 9, 2),
(154, 'C', 10, 2),
(155, 'C', 11, 2),
(156, 'C', 12, 2),
(157, 'D', 1, 2),
(158, 'D', 2, 2),
(159, 'D', 3, 2),
(160, 'D', 4, 2),
(161, 'D', 5, 2),
(162, 'D', 6, 2),
(163, 'D', 7, 2),
(164, 'D', 8, 2),
(165, 'D', 9, 2),
(166, 'D', 10, 2),
(167, 'D', 11, 2),
(168, 'D', 12, 2),
(169, 'E', 1, 2),
(170, 'E', 2, 2),
(171, 'E', 3, 2),
(172, 'E', 4, 2),
(173, 'E', 5, 2),
(174, 'E', 6, 2),
(175, 'E', 7, 2),
(176, 'E', 8, 2),
(177, 'E', 9, 2),
(178, 'E', 10, 2),
(179, 'E', 11, 2),
(180, 'E', 12, 2),
(181, 'F', 1, 2),
(182, 'F', 2, 2),
(183, 'F', 3, 2),
(184, 'F', 4, 2),
(185, 'F', 5, 2),
(186, 'F', 6, 2),
(187, 'F', 7, 2),
(188, 'F', 8, 2),
(189, 'F', 9, 2),
(190, 'F', 10, 2),
(191, 'F', 11, 2),
(192, 'F', 12, 2),
(193, 'G', 1, 2),
(194, 'G', 2, 2),
(195, 'G', 3, 2),
(196, 'G', 4, 2),
(197, 'G', 5, 2),
(198, 'G', 6, 2),
(199, 'G', 7, 2),
(200, 'G', 8, 2),
(201, 'G', 9, 2),
(202, 'G', 10, 2),
(203, 'G', 11, 2),
(204, 'G', 12, 2),
(205, 'H', 1, 2),
(206, 'H', 2, 2),
(207, 'H', 3, 2),
(208, 'H', 4, 2),
(209, 'H', 5, 2),
(210, 'H', 6, 2),
(211, 'H', 7, 2),
(212, 'H', 8, 2),
(213, 'H', 9, 2),
(214, 'H', 10, 2),
(215, 'H', 11, 2),
(216, 'H', 12, 2),
(217, 'I', 1, 2),
(218, 'I', 2, 2),
(219, 'I', 3, 2),
(220, 'I', 4, 2),
(221, 'I', 5, 2),
(222, 'I', 6, 2),
(223, 'I', 7, 2),
(224, 'I', 8, 2),
(225, 'I', 9, 2),
(226, 'I', 10, 2),
(227, 'I', 11, 2),
(228, 'I', 12, 2),
(229, 'J', 1, 2),
(230, 'J', 2, 2),
(231, 'J', 3, 2),
(232, 'J', 4, 2),
(233, 'J', 5, 2),
(234, 'J', 6, 2),
(235, 'J', 7, 2),
(236, 'J', 8, 2),
(237, 'J', 9, 2),
(238, 'J', 10, 2),
(239, 'J', 11, 2),
(240, 'J', 12, 2),
(241, 'A', 1, 3),
(242, 'A', 2, 3),
(243, 'A', 3, 3),
(244, 'A', 4, 3),
(245, 'A', 5, 3),
(246, 'A', 6, 3),
(247, 'A', 7, 3),
(248, 'A', 8, 3),
(249, 'A', 9, 3),
(250, 'A', 10, 3),
(251, 'A', 11, 3),
(252, 'A', 12, 3),
(253, 'B', 1, 3),
(254, 'B', 2, 3),
(255, 'B', 3, 3),
(256, 'B', 4, 3),
(257, 'B', 5, 3),
(258, 'B', 6, 3),
(259, 'B', 7, 3),
(260, 'B', 8, 3),
(261, 'B', 9, 3),
(262, 'B', 10, 3),
(263, 'B', 11, 3),
(264, 'B', 12, 3),
(265, 'C', 1, 3),
(266, 'C', 2, 3),
(267, 'C', 3, 3),
(268, 'C', 4, 3),
(269, 'C', 5, 3),
(270, 'C', 6, 3),
(271, 'C', 7, 3),
(272, 'C', 8, 3),
(273, 'C', 9, 3),
(274, 'C', 10, 3),
(275, 'C', 11, 3),
(276, 'C', 12, 3),
(277, 'D', 1, 3),
(278, 'D', 2, 3),
(279, 'D', 3, 3),
(280, 'D', 4, 3),
(281, 'D', 5, 3),
(282, 'D', 6, 3),
(283, 'D', 7, 3),
(284, 'D', 8, 3),
(285, 'D', 9, 3),
(286, 'D', 10, 3),
(287, 'D', 11, 3),
(288, 'D', 12, 3),
(289, 'E', 1, 3),
(290, 'E', 2, 3),
(291, 'E', 3, 3),
(292, 'E', 4, 3),
(293, 'E', 5, 3),
(294, 'E', 6, 3),
(295, 'E', 7, 3),
(296, 'E', 8, 3),
(297, 'E', 9, 3),
(298, 'E', 10, 3),
(299, 'E', 11, 3),
(300, 'E', 12, 3),
(301, 'F', 1, 3),
(302, 'F', 2, 3),
(303, 'F', 3, 3),
(304, 'F', 4, 3),
(305, 'F', 5, 3),
(306, 'F', 6, 3),
(307, 'F', 7, 3),
(308, 'F', 8, 3),
(309, 'F', 9, 3),
(310, 'F', 10, 3),
(311, 'F', 11, 3),
(312, 'F', 12, 3),
(313, 'G', 1, 3),
(314, 'G', 2, 3),
(315, 'G', 3, 3),
(316, 'G', 4, 3),
(317, 'G', 5, 3),
(318, 'G', 6, 3),
(319, 'G', 7, 3),
(320, 'G', 8, 3),
(321, 'G', 9, 3),
(322, 'G', 10, 3),
(323, 'G', 11, 3),
(324, 'G', 12, 3),
(325, 'H', 1, 3),
(326, 'H', 2, 3),
(327, 'H', 3, 3),
(328, 'H', 4, 3),
(329, 'H', 5, 3),
(330, 'H', 6, 3),
(331, 'H', 7, 3),
(332, 'H', 8, 3),
(333, 'H', 9, 3),
(334, 'H', 10, 3),
(335, 'H', 11, 3),
(336, 'H', 12, 3),
(337, 'I', 1, 3),
(338, 'I', 2, 3),
(339, 'I', 3, 3),
(340, 'I', 4, 3),
(341, 'I', 5, 3),
(342, 'I', 6, 3),
(343, 'I', 7, 3),
(344, 'I', 8, 3),
(345, 'I', 9, 3),
(346, 'I', 10, 3),
(347, 'I', 11, 3),
(348, 'I', 12, 3),
(349, 'J', 1, 3),
(350, 'J', 2, 3),
(351, 'J', 3, 3),
(352, 'J', 4, 3),
(353, 'J', 5, 3),
(354, 'J', 6, 3),
(355, 'J', 7, 3),
(356, 'J', 8, 3),
(357, 'J', 9, 3),
(358, 'J', 10, 3),
(359, 'J', 11, 3),
(360, 'J', 12, 3),
(361, 'A', 1, 4),
(362, 'A', 2, 4),
(363, 'A', 3, 4),
(364, 'A', 4, 4),
(365, 'A', 5, 4),
(366, 'A', 6, 4),
(367, 'A', 7, 4),
(368, 'A', 8, 4),
(369, 'A', 9, 4),
(370, 'A', 10, 4),
(371, 'A', 11, 4),
(372, 'A', 12, 4),
(373, 'B', 1, 4),
(374, 'B', 2, 4),
(375, 'B', 3, 4),
(376, 'B', 4, 4),
(377, 'B', 5, 4),
(378, 'B', 6, 4),
(379, 'B', 7, 4),
(380, 'B', 8, 4),
(381, 'B', 9, 4),
(382, 'B', 10, 4),
(383, 'B', 11, 4),
(384, 'B', 12, 4),
(385, 'C', 1, 4),
(386, 'C', 2, 4),
(387, 'C', 3, 4),
(388, 'C', 4, 4),
(389, 'C', 5, 4),
(390, 'C', 6, 4),
(391, 'C', 7, 4),
(392, 'C', 8, 4),
(393, 'C', 9, 4),
(394, 'C', 10, 4),
(395, 'C', 11, 4),
(396, 'C', 12, 4),
(397, 'D', 1, 4),
(398, 'D', 2, 4),
(399, 'D', 3, 4),
(400, 'D', 4, 4),
(401, 'D', 5, 4),
(402, 'D', 6, 4),
(403, 'D', 7, 4),
(404, 'D', 8, 4),
(405, 'D', 9, 4),
(406, 'D', 10, 4),
(407, 'D', 11, 4),
(408, 'D', 12, 4),
(409, 'E', 1, 4),
(410, 'E', 2, 4),
(411, 'E', 3, 4),
(412, 'E', 4, 4),
(413, 'E', 5, 4),
(414, 'E', 6, 4),
(415, 'E', 7, 4),
(416, 'E', 8, 4),
(417, 'E', 9, 4),
(418, 'E', 10, 4),
(419, 'E', 11, 4),
(420, 'E', 12, 4),
(421, 'F', 1, 4),
(422, 'F', 2, 4),
(423, 'F', 3, 4),
(424, 'F', 4, 4),
(425, 'F', 5, 4),
(426, 'F', 6, 4),
(427, 'F', 7, 4),
(428, 'F', 8, 4),
(429, 'F', 9, 4),
(430, 'F', 10, 4),
(431, 'F', 11, 4),
(432, 'F', 12, 4),
(433, 'G', 1, 4),
(434, 'G', 2, 4),
(435, 'G', 3, 4),
(436, 'G', 4, 4),
(437, 'G', 5, 4),
(438, 'G', 6, 4),
(439, 'G', 7, 4),
(440, 'G', 8, 4),
(441, 'G', 9, 4),
(442, 'G', 10, 4),
(443, 'G', 11, 4),
(444, 'G', 12, 4),
(445, 'H', 1, 4),
(446, 'H', 2, 4),
(447, 'H', 3, 4),
(448, 'H', 4, 4),
(449, 'H', 5, 4),
(450, 'H', 6, 4),
(451, 'H', 7, 4),
(452, 'H', 8, 4),
(453, 'H', 9, 4),
(454, 'H', 10, 4),
(455, 'H', 11, 4),
(456, 'H', 12, 4),
(457, 'I', 1, 4),
(458, 'I', 2, 4),
(459, 'I', 3, 4),
(460, 'I', 4, 4),
(461, 'I', 5, 4),
(462, 'I', 6, 4),
(463, 'I', 7, 4),
(464, 'I', 8, 4),
(465, 'I', 9, 4),
(466, 'I', 10, 4),
(467, 'I', 11, 4),
(468, 'I', 12, 4),
(469, 'J', 1, 4),
(470, 'J', 2, 4),
(471, 'J', 3, 4),
(472, 'J', 4, 4),
(473, 'J', 5, 4),
(474, 'J', 6, 4),
(475, 'J', 7, 4),
(476, 'J', 8, 4),
(477, 'J', 9, 4),
(478, 'J', 10, 4),
(479, 'J', 11, 4),
(480, 'J', 12, 4),
(481, 'A', 1, 5),
(482, 'A', 2, 5),
(483, 'A', 3, 5),
(484, 'A', 4, 5),
(485, 'A', 5, 5),
(486, 'A', 6, 5),
(487, 'A', 7, 5),
(488, 'A', 8, 5),
(489, 'A', 9, 5),
(490, 'A', 10, 5),
(491, 'A', 11, 5),
(492, 'A', 12, 5),
(493, 'B', 1, 5),
(494, 'B', 2, 5),
(495, 'B', 3, 5),
(496, 'B', 4, 5),
(497, 'B', 5, 5),
(498, 'B', 6, 5),
(499, 'B', 7, 5),
(500, 'B', 8, 5),
(501, 'B', 9, 5),
(502, 'B', 10, 5),
(503, 'B', 11, 5),
(504, 'B', 12, 5),
(505, 'C', 1, 5),
(506, 'C', 2, 5),
(507, 'C', 3, 5),
(508, 'C', 4, 5),
(509, 'C', 5, 5),
(510, 'C', 6, 5),
(511, 'C', 7, 5),
(512, 'C', 8, 5),
(513, 'C', 9, 5),
(514, 'C', 10, 5),
(515, 'C', 11, 5),
(516, 'C', 12, 5),
(517, 'D', 1, 5),
(518, 'D', 2, 5),
(519, 'D', 3, 5),
(520, 'D', 4, 5),
(521, 'D', 5, 5),
(522, 'D', 6, 5),
(523, 'D', 7, 5),
(524, 'D', 8, 5),
(525, 'D', 9, 5),
(526, 'D', 10, 5),
(527, 'D', 11, 5),
(528, 'D', 12, 5),
(529, 'E', 1, 5),
(530, 'E', 2, 5),
(531, 'E', 3, 5),
(532, 'E', 4, 5),
(533, 'E', 5, 5),
(534, 'E', 6, 5),
(535, 'E', 7, 5),
(536, 'E', 8, 5),
(537, 'E', 9, 5),
(538, 'E', 10, 5),
(539, 'E', 11, 5),
(540, 'E', 12, 5),
(541, 'F', 1, 5),
(542, 'F', 2, 5),
(543, 'F', 3, 5),
(544, 'F', 4, 5),
(545, 'F', 5, 5),
(546, 'F', 6, 5),
(547, 'F', 7, 5),
(548, 'F', 8, 5),
(549, 'F', 9, 5),
(550, 'F', 10, 5),
(551, 'F', 11, 5),
(552, 'F', 12, 5),
(553, 'G', 1, 5),
(554, 'G', 2, 5),
(555, 'G', 3, 5),
(556, 'G', 4, 5),
(557, 'G', 5, 5),
(558, 'G', 6, 5),
(559, 'G', 7, 5),
(560, 'G', 8, 5),
(561, 'G', 9, 5),
(562, 'G', 10, 5),
(563, 'G', 11, 5),
(564, 'G', 12, 5),
(565, 'H', 1, 5),
(566, 'H', 2, 5),
(567, 'H', 3, 5),
(568, 'H', 4, 5),
(569, 'H', 5, 5),
(570, 'H', 6, 5),
(571, 'H', 7, 5),
(572, 'H', 8, 5),
(573, 'H', 9, 5),
(574, 'H', 10, 5),
(575, 'H', 11, 5),
(576, 'H', 12, 5),
(577, 'I', 1, 5),
(578, 'I', 2, 5),
(579, 'I', 3, 5),
(580, 'I', 4, 5),
(581, 'I', 5, 5),
(582, 'I', 6, 5),
(583, 'I', 7, 5),
(584, 'I', 8, 5),
(585, 'I', 9, 5),
(586, 'I', 10, 5),
(587, 'I', 11, 5),
(588, 'I', 12, 5),
(589, 'J', 1, 5),
(590, 'J', 2, 5),
(591, 'J', 3, 5),
(592, 'J', 4, 5),
(593, 'J', 5, 5),
(594, 'J', 6, 5),
(595, 'J', 7, 5),
(596, 'J', 8, 5),
(597, 'J', 9, 5),
(598, 'J', 10, 5),
(599, 'J', 11, 5),
(600, 'J', 12, 5);

INSERT INTO shows (showID, showDate, startTime, movieID, theatreID) VALUES
(1, '2022-06-26', '10:00:00', 1, 1),
(2, '2022-06-26', '13:00:00', 1, 1),
(3, '2022-06-26', '16:00:00', 1, 1),
(4, '2022-06-26', '19:00:00', 1, 1),
(5, '2022-06-26', '22:00:00', 1, 1),
(6, '2022-06-26', '11:00:00', 1, 2),
(7, '2022-06-26', '14:00:00', 1, 2),
(8, '2022-06-26', '18:00:00', 1, 2),
(9, '2022-06-26', '21:00:00', 1, 2),
(10, '2022-06-26', '11:00:00', 1, 3),
(11, '2022-06-26', '14:00:00', 1, 3),
(12, '2022-06-26', '17:00:00', 1, 3),
(13, '2022-06-26', '20:00:00', 1, 3),
(14, '2022-06-26', '22:30:00', 1, 3),
(15, '2022-06-26', '11:30:00', 1, 4),
(16, '2022-06-26', '14:30:00', 1, 4),
(17, '2022-06-26', '18:30:00', 1, 4),
(18, '2022-06-26', '21:30:00', 1, 4),
(19, '2022-06-26', '10:30:00', 1, 5),
(20, '2022-06-26', '12:45:00', 1, 5),
(21, '2022-06-26', '17:00:00', 1, 5),
(22, '2022-06-26', '20:30:00', 1, 5),
(23, '2022-06-26', '23:00:00', 1, 5);
(24, '2022-06-26', '10:00:00', 2, 1),
(25, '2022-06-26', '13:00:00', 2, 1),
(26, '2022-06-26', '16:00:00', 2, 1),
(27, '2022-06-26', '19:00:00', 2, 1),
(28, '2022-06-26', '22:00:00', 2, 1),
(29, '2022-06-26', '11:00:00', 2, 2),
(30, '2022-06-26', '14:00:00', 2, 2),
(31, '2022-06-26', '18:00:00', 2, 2),
(32, '2022-06-26', '21:00:00', 2, 2),
(33, '2022-06-26', '11:00:00', 2, 3),
(34, '2022-06-26', '14:00:00', 2, 3),
(35, '2022-06-26', '17:00:00', 2, 3),
(36, '2022-06-26', '20:00:00', 2, 3),
(37, '2022-06-26', '22:30:00', 2, 3),
(38, '2022-06-26', '11:30:00', 2, 4),
(39, '2022-06-26', '14:30:00', 2, 4),
(40, '2022-06-26', '18:30:00', 2, 4),
(41, '2022-06-26', '21:30:00', 2, 4),
(42, '2022-06-26', '10:30:00', 2, 5),
(43, '2022-06-26', '12:45:00', 2, 5),
(44, '2022-06-26', '17:00:00', 2, 5),
(45, '2022-06-26', '20:30:00', 2, 5),
(46, '2022-06-26', '23:00:00', 2, 5)
(24, '2022-06-26', '10:00:00', 2, 1),
(25, '2022-06-26', '13:00:00', 2, 1),
(26, '2022-06-26', '16:00:00', 2, 1),
(27, '2022-06-26', '19:00:00', 2, 1),
(28, '2022-06-26', '22:00:00', 2, 1),
(29, '2022-06-26', '11:00:00', 2, 2),
(30, '2022-06-26', '14:00:00', 2, 2),
(31, '2022-06-26', '18:00:00', 2, 2),
(32, '2022-06-26', '21:00:00', 2, 2),
(33, '2022-06-26', '11:00:00', 2, 3),
(34, '2022-06-26', '14:00:00', 2, 3),
(35, '2022-06-26', '17:00:00', 2, 3),
(36, '2022-06-26', '20:00:00', 2, 3),
(37, '2022-06-26', '22:30:00', 2, 3),
(38, '2022-06-26', '11:30:00', 2, 4),
(39, '2022-06-26', '14:30:00', 2, 4),
(40, '2022-06-26', '18:30:00', 2, 4),
(41, '2022-06-26', '21:30:00', 2, 4),
(42, '2022-06-26', '10:30:00', 2, 5),
(43, '2022-06-26', '12:45:00', 2, 5),
(44, '2022-06-26', '17:00:00', 2, 5),
(45, '2022-06-26', '20:30:00', 2, 5),
(46, '2022-06-26', '23:00:00', 2, 5)
(47, '2022-06-26', '10:00:00', 3, 1),
(48, '2022-06-26', '13:00:00', 3, 1),
(49, '2022-06-26', '16:00:00', 3, 1),
(50, '2022-06-26', '19:00:00', 3, 1),
(51, '2022-06-26', '22:00:00', 3, 1),
(52, '2022-06-26', '11:00:00', 3, 2),
(53, '2022-06-26', '14:00:00', 3, 2),
(54, '2022-06-26', '18:00:00', 3, 2),
(55, '2022-06-26', '21:00:00', 3, 2),
(56, '2022-06-26', '11:00:00', 3, 3),
(57, '2022-06-26', '14:00:00', 3, 3),
(58, '2022-06-26', '17:00:00', 3, 3),
(59, '2022-06-26', '20:00:00', 3, 3),
(60, '2022-06-26', '22:30:00', 3, 3),
(61, '2022-06-26', '11:30:00', 3, 4),
(62, '2022-06-26', '14:30:00', 3, 4),
(63, '2022-06-26', '18:30:00', 3, 4),
(64, '2022-06-26', '21:30:00', 3, 4),
(65, '2022-06-26', '10:30:00', 3, 5),
(66, '2022-06-26', '12:45:00', 3, 5),
(67, '2022-06-26', '17:00:00', 3, 5),
(68, '2022-06-26', '20:30:00', 3, 5),
(69, '2022-06-26', '23:00:00', 3, 5),
(70, '2022-06-26', '10:00:00', 4, 1),
(71, '2022-06-26', '13:00:00', 4, 1),
(72, '2022-06-26', '16:00:00', 4, 1),
(73, '2022-06-26', '19:00:00', 4, 1),
(74, '2022-06-26', '22:00:00', 4, 1),
(75, '2022-06-26', '11:00:00', 4, 2),
(76, '2022-06-26', '14:00:00', 4, 2),
(77, '2022-06-26', '18:00:00', 4, 2),
(78, '2022-06-26', '21:00:00', 4, 2),
(79, '2022-06-26', '11:00:00', 4, 3),
(80, '2022-06-26', '14:00:00', 4, 3),
(81, '2022-06-26', '17:00:00', 4, 3),
(82, '2022-06-26', '20:00:00', 4, 3),
(83, '2022-06-26', '22:30:00', 4, 3),
(84, '2022-06-26', '11:30:00', 4, 4),
(85, '2022-06-26', '14:30:00', 4, 4),
(86, '2022-06-26', '18:30:00', 4, 4),
(87, '2022-06-26', '21:30:00', 4, 4),
(88, '2022-06-26', '10:30:00', 4, 5),
(89, '2022-06-26', '12:45:00', 4, 5),
(90, '2022-06-26', '17:00:00', 4, 5),
(91, '2022-06-26', '20:30:00', 4, 5),
(92, '2022-06-26', '23:00:00', 4, 5);


INSERT INTO user (userID, name, email, password, phone) VALUES
(1, 'Vineela', 'vineelak@gmail.com', 'hello20', '9876543210'),
(2, 'Nikhil', 'nikhil@gmail.com', 'hello26', '9876543210'),
(3, 'Manas', 'manas@gmail.com', 'hello31', '9876543210'),
(4, 'Fatima', 'fatima@gmail.com', 'hello10', '9876543210'),
(5, 'Sneha', 'sneha@gmail.com', 'hello32', '9876543210');


INSERT INTO booking (bookingID, numOfSeats, userID, showID) VALUES 
(1, 1, 1, 1),
(2, 2, 2, 1),
(3, 3, 3, 1),
(4, 4, 4, 1),
(5, 5, 5, 1);


INSERT INTO show_seat (showseatID, showID, seatID, bookingID) VALUES
(1, 1, 1, 1),
(2, 1, 5, 2),
(3, 1, 6, 2),
(4, 1, 9, 3),
(5, 1, 10, 3),
(6, 1, 11, 3),
(7, 1, 12, 3),
(8, 1, 34, 4),
(9, 1, 35, 4),
(10, 1, 36, 4),
(11, 1, 37, 4),
(12, 1, 61, 5),
(13, 1, 62, 5),
(14, 1, 63, 5),
(15, 1, 64, 5),
(16, 1, 65, 5);


INSERT INTO payment (paymentID, amount, time_stamp, paymentMethod, bookingID) VALUES
(1, 200, "2017-07-23 13:10:11", 'upi', 1);